device_count,rate,trial,UDP_old,UDP_new
2,6,0,5.064,5.275648
2,6,1,5.088,5.275648
2,6,2,5.016,5.275648
2,6,3,5.16,5.275648
2,6,4,5.148,5.275648
2,6,5,5.124,5.275648
2,6,6,5.136,5.287424
2,6,7,5.004,5.275648
2,6,8,5.088,5.275648
2,6,9,5.136,5.275648
2,9,0,7.476,7.642624
2,9,1,7.428,7.6544
2,9,2,7.38,7.642624
2,9,3,7.356,7.642624
2,9,4,7.368,7.642624
2,9,5,7.488,7.642624
2,9,6,7.512,7.642624
2,9,7,7.416,7.6544
2,9,8,7.488,7.642624
2,9,9,7.572,7.630848
2,12,0,9.768,9.880064
2,12,1,9.768,9.821184
2,12,2,9.612,9.856512
2,12,3,9.564,9.868288
2,12,4,9.588,9.868288
2,12,5,9.636,9.856512
2,12,6,9.552,9.83296
2,12,7,9.66,9.856512
2,12,8,9.552,9.844736
2,12,9,9.636,9.856512
2,18,0,13.692,13.89568
2,18,1,13.728,13.89568
2,18,2,13.62,13.883904
2,18,3,13.752,13.872128
2,18,4,13.824,13.89568
2,18,5,13.692,13.919232
2,18,6,13.692,13.942784
2,18,7,13.812,13.907456
2,18,8,13.788,13.860352
2,18,9,13.788,13.931008
2,24,0,17.4,17.322496
2,24,1,17.292,17.357824
2,24,2,17.22,17.322496
2,24,3,17.22,17.31072
2,24,4,17.064,17.3696
2,24,5,17.376,17.3696
2,24,6,17.412,17.3696
2,24,7,17.316,17.322496
2,24,8,17.388,17.357824
2,24,9,17.064,17.393152
2,36,0,23.436,23.387136
2,36,1,23.436,23.43424
2,36,2,23.556,23.43424
2,36,3,23.472,23.37536
2,36,4,23.712,23.37536
2,36,5,23.64,23.340032
2,36,6,23.544,23.481344
2,36,7,23.496,23.363584
2,36,8,23.664,23.363584
2,36,9,23.628,23.363584
2,48,0,28.884,28.097536
2,48,1,28.968,28.215296
2,48,2,28.524,28.132864
2,48,3,28.548,28.20352
2,48,4,28.404,28.062208
2,48,5,28.8,28.215296
2,48,6,28.788,28.050432
2,48,7,28.404,28.168192
2,48,8,28.464,28.038656
2,48,9,28.764,28.038656
2,54,0,31.332,30.570496
2,54,1,31.008,30.44096
2,54,2,31.08,30.488064
2,54,3,31.188,30.346752
2,54,4,31.092,30.417408
2,54,5,30.864,30.476288
2,54,6,31.068,30.476288
2,54,7,31.008,30.44096
2,54,8,31.044,30.476288
2,54,9,31.02,30.370304
5,6,0,4.68,4.380672
5,6,1,4.632,4.510208
5,6,2,4.668,4.580864
5,6,3,4.608,4.545536
5,6,4,4.692,4.616192
5,6,5,4.692,4.521984
5,6,6,4.692,4.604416
5,6,7,4.68,4.521984
5,6,8,4.752,4.545536
5,6,9,4.608,4.47488
5,9,0,6.876,6.747648
5,9,1,6.84,6.582784
5,9,2,6.948,6.806528
5,9,3,6.612,6.735872
5,9,4,6.828,6.676992
5,9,5,6.636,6.582784
5,9,6,6.864,6.676992
5,9,7,6.612,6.700544
5,9,8,6.804,6.700544
5,9,9,6.612,6.688768
5,12,0,8.832,8.726016
5,12,1,9.048,8.761344
5,12,2,8.82,8.690688
5,12,3,8.844,8.761344
5,12,4,8.952,8.643584
5,12,5,8.892,8.572928
5,12,6,8.76,8.620032
5,12,7,8.736,8.71424
5,12,8,8.868,8.561152
5,12,9,8.7,8.549376
5,18,0,12.66,12.411904
5,18,1,12.72,12.42368
5,18,2,12.576,12.270592
5,18,3,12.648,12.564992
5,18,4,12.636,12.411904
5,18,5,12.744,12.588544
5,18,6,12.528,12.258816
5,18,7,12.492,12.647424
5,18,8,12.708,12.470784
5,18,9,12.492,12.18816
5,24,0,16.08,15.414784
5,24,1,15.972,15.850496
5,24,2,15.996,15.744512
5,24,3,15.9,15.508992
5,24,4,15.948,16.086016
5,24,5,15.864,15.673856
5,24,6,16.008,15.709184
5,24,7,16.212,15.909376
5,24,8,15.852,15.932928
5,24,9,16.152,15.8976
5,36,0,22.14,21.997568
5,36,1,22.044,22.221312
5,36,2,21.912,21.90336
5,36,3,22.092,21.738496
5,36,4,22.14,22.056448
5,36,5,21.948,21.750272
5,36,6,22.224,21.7856
5,36,7,22.02,22.091776
5,36,8,22.248,22.091776
5,36,9,22.008,22.303744
5,48,0,27.276,26.837504
5,48,1,26.904,26.990592
5,48,2,26.892,27.014144
5,48,3,27.024,27.073024
5,48,4,26.964,27.061248
5,48,5,26.976,26.825728
5,48,6,26.676,27.120128
5,48,7,26.808,27.332096
5,48,8,26.844,26.96704
5,48,9,26.952,27.002368
5,54,0,29.772,29.20448
5,54,1,29.652,29.687296
5,54,2,29.436,29.628416
5,54,3,29.352,29.44
5,54,4,29.736,29.687296
5,54,5,29.712,29.392896
5,54,6,29.364,29.757952
5,54,7,29.508,29.534208
5,54,8,29.448,29.85216
5,54,9,29.628,29.687296
10,6,0,4.164,3.756544
10,6,1,4.32,3.732992
10,6,2,4.392,3.815424
10,6,3,4.284,3.70944
10,6,4,4.332,3.874304
10,6,5,4.416,3.674112
10,6,6,4.176,3.732992
10,6,7,4.296,3.815424
10,6,8,4.38,3.744768
10,6,9,4.164,3.803648
10,9,0,6.24,5.53472
10,9,1,6.396,5.47584
10,9,2,6.36,5.628928
10,9,3,6.252,5.676032
10,9,4,6.36,5.664256
10,9,5,6.168,5.558272
10,9,6,6.192,5.53472
10,9,7,6.228,5.381632
10,9,8,6.348,5.640704
10,9,9,6.372,5.605376
10,12,0,8.136,7.136256
10,12,1,8.028,7.265792
10,12,2,8.124,7.230464
10,12,3,8.148,7.077376
10,12,4,8.04,7.30112
10,12,5,8.1,7.18336
10,12,6,8.124,7.265792
10,12,7,8.256,7.24224
10,12,8,8.196,7.171584
10,12,9,8.208,7.230464
10,18,0,11.856,10.610176
10,18,1,11.784,10.48064
10,18,2,11.94,10.327552
10,18,3,11.748,10.315776
10,18,4,11.664,10.551296
10,18,5,11.892,10.504192
10,18,6,11.904,10.48064
10,18,7,11.952,10.398208
10,18,8,11.88,10.504192
10,18,9,11.748,10.680832
10,24,0,15.276,13.30688
10,24,1,15.192,13.083136
10,24,2,14.868,13.42464
10,24,3,15.252,13.436416
10,24,4,14.784,13.248
10,24,5,14.928,13.059584
10,24,6,14.868,13.083136
10,24,7,15.12,13.401088
10,24,8,14.724,13.613056
10,24,9,14.784,13.342208
10,36,0,20.52,18.888704
10,36,1,20.628,18.818048
10,36,2,20.472,18.90048
10,36,3,20.46,18.5472
10,36,4,20.58,18.617856
10,36,5,20.532,18.676736
10,36,6,20.712,18.935808
10,36,7,20.424,18.888704
10,36,8,20.688,18.770944
10,36,9,20.652,18.935808
10,48,0,25.092,23.481344
10,48,1,25.368,23.045632
10,48,2,25.176,23.222272
10,48,3,25.08,22.974976
10,48,4,25.308,23.269376
10,48,5,24.996,23.363584
10,48,6,25.14,23.069184
10,48,7,24.96,23.222272
10,48,8,24.864,23.092736
10,48,9,25.152,22.986752
10,54,0,27.54,25.483264
10,54,1,27.372,25.589248
10,54,2,27.372,25.400832
10,54,3,27.6,25.659904
10,54,4,27.816,25.707008
10,54,5,27.636,25.271296
10,54,6,27.648,25.365504
10,54,7,27.372,25.565696
10,54,8,27.408,25.55392
10,54,9,27.624,25.683456
20,6,0,3.804,2.82624
20,6,1,4.116,2.944
20,6,2,4.044,2.849792
20,6,3,4.032,2.82624
20,6,4,3.888,2.849792
20,6,5,4.068,2.908672
20,6,6,3.768,2.861568
20,6,7,3.996,2.59072
20,6,8,3.972,2.955776
20,6,9,3.984,2.755584
20,9,0,5.736,4.156928
20,9,1,5.796,4.215808
20,9,2,5.796,4.286464
20,9,3,5.736,4.156928
20,9,4,5.652,4.145152
20,9,5,5.676,4.345344
20,9,6,5.784,4.18048
20,9,7,5.856,4.192256
20,9,8,5.976,4.380672
20,9,9,5.952,4.35712
20,12,0,7.404,5.511168
20,12,1,7.512,5.522944
20,12,2,7.716,5.440512
20,12,3,7.464,5.35808
20,12,4,7.728,5.676032
20,12,5,7.308,5.687808
20,12,6,7.404,5.452288
20,12,7,7.332,5.452288
20,12,8,7.464,5.393408
20,12,9,7.56,5.428736
20,18,0,10.968,7.854592
20,18,1,11.124,7.960576
20,18,2,10.8,7.901696
20,18,3,11.076,7.760384
20,18,4,10.764,8.06656
20,18,5,10.992,7.878144
20,18,6,10.752,7.960576
20,18,7,11.136,7.995904
20,18,8,10.92,8.349184
20,18,9,10.812,8.054784
20,24,0,13.524,10.492416
20,24,1,13.728,10.209792
20,24,2,13.86,10.351104
20,24,3,13.956,10.209792
20,24,4,13.752,10.162688
20,24,5,13.728,10.18624
20,24,6,13.776,10.12736
20,24,7,14.04,10.409984
20,24,8,13.704,10.256896
20,24,9,13.692,10.339328
20,36,0,19.344,14.390272
20,36,1,19.104,14.449152
20,36,2,19.416,14.354944
20,36,3,19.044,14.449152
20,36,4,19.116,14.402048
20,36,5,19.116,14.708224
20,36,6,19.056,14.331392
20,36,7,19.296,14.566912
20,36,8,18.996,14.449152
20,36,9,19.116,14.555136
20,48,0,23.34,18.19392
20,48,1,23.412,18.217472
20,48,2,23.796,17.993728
20,48,3,23.412,18.01728
20,48,4,23.448,18.07616
20,48,5,23.256,18.099712
20,48,6,23.328,18.029056
20,48,7,23.604,18.064384
20,48,8,22.824,18.052608
20,48,9,23.196,18.029056
20,54,0,25.776,20.337152
20,54,1,25.584,19.948544
20,54,2,25.464,19.854336
20,54,3,25.692,19.96032
20,54,4,25.74,20.231168
20,54,5,25.416,19.501056
20,54,6,25.86,19.948544
20,54,7,25.524,20.184064
20,54,8,25.524,20.266496
20,54,9,25.284,20.348928
30,6,0,3.816,2.29632
30,6,1,3.804,2.3552
30,6,2,3.684,2.378752
30,6,3,3.768,2.461184
30,6,4,3.792,2.202112
30,6,5,3.816,2.284544
30,6,6,3.816,2.11968
30,6,7,3.744,2.11968
30,6,8,3.684,2.260992
30,6,9,3.708,2.013696
30,9,0,5.748,3.273728
30,9,1,5.448,3.309056
30,9,2,5.556,3.214848
30,9,3,5.556,3.17952
30,9,4,5.508,3.391488
30,9,5,5.436,3.35616
30,9,6,5.796,3.097088
30,9,7,5.424,3.17952
30,9,8,5.508,3.344384
30,9,9,5.472,3.332608
30,12,0,7.236,4.06272
30,12,1,7.104,4.310016
30,12,2,7.248,4.286464
30,12,3,7.26,4.521984
30,12,4,7.224,4.23936
30,12,5,7.068,4.204032
30,12,6,7.428,4.274688
30,12,7,7.272,4.1216
30,12,8,7.056,4.274688
30,12,9,7.212,4.204032
30,18,0,10.356,6.170624
30,18,1,10.116,6.253056
30,18,2,10.38,6.158848
30,18,3,10.332,6.347264
30,18,4,10.104,6.35904
30,18,5,10.152,6.264832
30,18,6,10.728,6.394368
30,18,7,10.368,6.24128
30,18,8,10.38,6.052864
30,18,9,10.272,6.323712
30,24,0,13.068,8.47872
30,24,1,13.188,8.078336
30,24,2,13.116,8.101888
30,24,3,13.2,8.043008
30,24,4,13.38,7.972352
30,24,5,13.116,8.172544
30,24,6,13.02,7.819264
30,24,7,13.176,7.9488
30,24,8,12.888,7.878144
30,24,9,12.972,8.12544
30,36,0,17.844,11.399168
30,36,1,18.264,10.928128
30,36,2,17.88,11.151872
30,36,3,18.096,11.646464
30,36,4,18.312,11.458048
30,36,5,18.3,11.140096
30,36,6,18.096,11.045888
30,36,7,18.12,11.54048
30,36,8,18.432,11.198976
30,36,9,18.3,11.092992
30,48,0,22.284,14.119424
30,48,1,21.936,14.107648
30,48,2,22.716,14.178304
30,48,3,21.924,13.860352
30,48,4,22.224,14.001664
30,48,5,22.056,14.460928
30,48,6,22.464,14.354944
30,48,7,21.984,13.978112
30,48,8,22.464,14.260736
30,48,9,22.68,14.449152
30,54,0,24.564,15.520768
30,54,1,24.492,15.944704
30,54,2,24.336,15.36768
30,54,3,23.976,15.403008
30,54,4,24.492,15.885824
30,54,5,24.252,15.42656
30,54,6,24.312,15.815168
30,54,7,24.396,15.6032
30,54,8,24.216,15.579648
30,54,9,24.756,15.556096
40,6,0,3.528,1.660416
40,6,1,3.684,1.683968
40,6,2,3.552,1.813504
40,6,3,3.636,1.554432
40,6,4,3.576,1.566208
40,6,5,3.72,1.70752
40,6,6,3.756,1.601536
40,6,7,3.72,1.53088
40,6,8,3.468,1.7664
40,6,9,3.696,1.695744
40,9,0,5.076,2.461184
40,9,1,5.376,2.637824
40,9,2,5.256,2.496512
40,9,3,5.22,2.684928
40,9,4,5.364,2.378752
40,9,5,5.304,2.496512
40,9,6,5.424,2.555392
40,9,7,5.28,2.508288
40,9,8,5.46,2.567168
40,9,9,5.232,2.578944
40,12,0,6.852,3.144192
40,12,1,6.948,3.509248
40,12,2,6.552,3.250176
40,12,3,6.756,3.285504
40,12,4,6.888,3.438592
40,12,5,6.912,3.203072
40,12,6,6.816,3.12064
40,12,7,7.032,3.47392
40,12,8,6.696,3.47392
40,12,9,6.9,3.273728
40,18,0,9.864,4.910592
40,18,1,9.696,4.76928
40,18,2,9.624,4.804608
40,18,3,9.864,4.839936
40,18,4,10.044,5.110784
40,18,5,9.816,4.733952
40,18,6,9.936,4.65152
40,18,7,9.9,4.804608
40,18,8,9.696,4.993024
40,18,9,10.08,4.722176
40,24,0,12.372,6.311936
40,24,1,12.216,6.158848
40,24,2,12.696,6.276608
40,24,3,12.504,6.264832
40,24,4,12.852,6.205952
40,24,5,12.78,6.099968
40,24,6,12.516,5.94688
40,24,7,12.636,6.264832
40,24,8,12.816,6.30016
40,24,9,12.66,6.323712
40,36,0,17.388,9.197056
40,36,1,17.16,9.00864
40,36,2,17.688,8.631808
40,36,3,17.28,9.138176
40,36,4,17.484,9.149952
40,36,5,17.316,8.855552
40,36,6,17.412,8.678912
40,36,7,17.508,8.796672
40,36,8,17.568,8.761344
40,36,9,17.556,9.055744
40,48,0,21.732,10.83392
40,48,1,21.588,11.210752
40,48,2,21.432,11.045888
40,48,3,21.156,10.881024
40,48,4,21.468,11.24608
40,48,5,21.54,11.151872
40,48,6,21.468,11.316736
40,48,7,21.156,11.022336
40,48,8,20.916,11.12832
40,48,9,21.516,11.269632
40,54,0,23.088,12.294144
40,54,1,23.664,12.411904
40,54,2,23.304,12.105728
40,54,3,23.58,12.3648
40,54,4,23.568,12.459008
40,54,5,23.508,12.24704
40,54,6,23.592,12.647424
40,54,7,23.4,12.576768
40,54,8,23.772,12.24704
40,54,9,23.508,12.341248
50,6,0,3.636,1.201152
50,6,1,3.48,1.41312
50,6,2,3.6,1.377792
50,6,3,3.504,1.212928
50,6,4,3.456,1.330688
50,6,5,3.384,1.318912
50,6,6,3.396,1.283584
50,6,7,3.372,1.1776
50,6,8,3.552,1.11872
50,6,9,3.492,1.165824
50,9,0,5.064,1.931264
50,9,1,5.064,1.907712
50,9,2,5.232,1.931264
50,9,3,5.064,1.848832
50,9,4,5.184,2.00192
50,9,5,5.052,2.049024
50,9,6,5.064,2.00192
50,9,7,5.064,1.872384
50,9,8,5.304,1.860608
50,9,9,5.124,2.107904
50,12,0,6.48,2.461184
50,12,1,6.648,2.425856
50,12,2,6.588,2.684928
50,12,3,6.468,2.484736
50,12,4,6.576,2.790912
50,12,5,6.636,2.366976
50,12,6,6.516,2.661376
50,12,7,6.492,2.543616
50,12,8,6.72,2.461184
50,12,9,6.528,2.567168
50,18,0,9.552,3.780096
50,18,1,9.684,3.909632
50,18,2,9.456,3.568128
50,18,3,9.696,3.88608
50,18,4,9.624,3.615232
50,18,5,9.6,3.756544
50,18,6,9.684,3.579904
50,18,7,9.672,3.70944
50,18,8,9.432,3.780096
50,18,9,9.348,3.391488
50,24,0,12.12,4.981248
50,24,1,12.012,4.875264
50,24,2,12.228,4.722176
50,24,3,12.144,4.757504
50,24,4,12.132,4.82816
50,24,5,11.988,4.875264
50,24,6,12.18,4.993024
50,24,7,12.24,4.804608
50,24,8,12.06,4.981248
50,24,9,12.084,4.557312
50,36,0,16.5,6.994944
50,36,1,16.848,6.806528
50,36,2,17.124,6.88896
50,36,3,16.908,6.900736
50,36,4,16.716,6.65344
50,36,5,16.896,6.7712
50,36,6,16.524,6.641664
50,36,7,16.968,7.018496
50,36,8,16.692,6.841856
50,36,9,16.74,6.65344
50,48,0,20.832,8.36096
50,48,1,20.988,8.502272
50,48,2,20.244,8.266752
50,48,3,21.012,8.702464
50,48,4,20.688,9.102848
50,48,5,20.256,8.502272
50,48,6,20.628,8.737792
50,48,7,20.46,8.77312
50,48,8,20.352,8.384512
50,48,9,20.352,8.937984
50,54,0,23.196,9.149952
50,54,1,22.896,9.927168
50,54,2,22.44,9.314816
50,54,3,22.416,9.232384
50,54,4,22.908,9.868288
50,54,5,22.608,9.091072
50,54,6,22.524,9.785856
50,54,7,22.284,9.4208
50,54,8,22.728,9.409024
50,54,9,22.908,9.526784
60,6,0,3.564,1.048064
60,6,1,3.24,1.00096
60,6,2,3.492,0.894976
60,6,3,3.396,0.94208
60,6,4,3.384,1.095168
60,6,5,3.42,0.906752
60,6,6,3.456,0.859648
60,6,7,3.456,0.953856
60,6,8,3.372,0.989184
60,6,9,3.396,0.977408
60,9,0,4.944,1.401344
60,9,1,4.908,1.472
60,9,2,5.052,1.424896
60,9,3,4.98,1.424896
60,9,4,4.896,1.35424
60,9,5,5.148,1.401344
60,9,6,5.196,1.519104
60,9,7,5.028,1.377792
60,9,8,5.052,1.636864
60,9,9,4.92,1.495552
60,12,0,6.396,1.907712
60,12,1,6.528,1.907712
60,12,2,6.48,1.860608
60,12,3,6.588,1.94304
60,12,4,6.408,1.82528
60,12,5,6.36,1.7664
60,12,6,6.3,1.860608
60,12,7,6.42,1.88416
60,12,8,6.444,1.860608
60,12,9,6.336,1.813504
60,18,0,9.12,2.6496
60,18,1,9.372,2.802688
60,18,2,8.892,2.743808
60,18,3,9.156,2.979328
60,18,4,9.408,2.637824
60,18,5,9.468,2.814464
60,18,6,9.264,2.920448
60,18,7,9.312,2.578944
60,18,8,9.396,2.790912
60,18,9,9.396,2.849792
60,24,0,11.76,3.744768
60,24,1,11.76,3.47392
60,24,2,11.736,3.497472
60,24,3,11.784,3.59168
60,24,4,12.024,3.403264
60,24,5,11.652,3.897856
60,24,6,11.76,3.615232
60,24,7,11.604,3.685888
60,24,8,11.94,3.744768
60,24,9,12.192,3.521024
60,36,0,16.104,5.099008
60,36,1,16.644,4.981248
60,36,2,16.38,4.898816
60,36,3,16.38,5.346304
60,36,4,16.332,5.369856
60,36,5,16.476,5.346304
60,36,6,16.452,5.087232
60,36,7,15.852,5.24032
60,36,8,16.548,5.522944
60,36,9,16.14,5.087232
60,48,0,20.028,6.582784
60,48,1,20.34,6.406144
60,48,2,20.136,6.688768
60,48,3,20.316,6.288384
60,48,4,20.364,6.547456
60,48,5,19.644,6.429696
60,48,6,19.992,6.35904
60,48,7,20.232,6.253056
60,48,8,20.028,6.205952
60,48,9,19.908,6.382592
60,54,0,22.068,7.30112
60,54,1,22.044,7.524864
60,54,2,21.876,6.71232
60,54,3,22.08,7.12448
60,54,4,21.972,7.206912
60,54,5,21.636,7.100928
60,54,6,22.236,7.41888
60,54,7,21.936,7.042048
60,54,8,21.96,7.41888
60,54,9,22.272,7.171584
70,6,0,3.18,0.847872
70,6,1,3.276,0.777216
70,6,2,3.276,0.906752
70,6,3,3.36,0.753664
70,6,4,3.156,0.741888
70,6,5,3.336,0.659456
70,6,6,3.36,0.659456
70,6,7,3.432,0.741888
70,6,8,3.372,0.777216
70,6,9,3.372,0.777216
70,9,0,4.716,1.012736
70,9,1,4.824,1.1776
70,9,2,4.98,1.024512
70,9,3,4.872,1.071616
70,9,4,4.908,0.989184
70,9,5,4.908,1.11872
70,9,6,4.752,1.189376
70,9,7,4.932,0.953856
70,9,8,4.932,1.083392
70,9,9,4.992,1.095168
70,12,0,6.408,1.307136
70,12,1,6.372,1.58976
70,12,2,6.396,1.519104
70,12,3,6.444,1.41312
70,12,4,6.372,1.389568
70,12,5,6.288,1.189376
70,12,6,6.312,1.625088
70,12,7,6.264,1.64864
70,12,8,6.264,1.366016
70,12,9,6.456,1.35424
70,18,0,8.844,2.131456
70,18,1,9.3,2.131456
70,18,2,8.88,2.11968
70,18,3,9.132,2.390528
70,18,4,9.144,1.94304
70,18,5,9.24,2.166784
70,18,6,9.108,1.931264
70,18,7,9.012,1.837056
70,18,8,9.18,2.0608
70,18,9,8.76,1.94304
70,24,0,11.712,3.085312
70,24,1,11.472,2.578944
70,24,2,11.508,2.743808
70,24,3,11.244,2.70848
70,24,4,11.424,2.260992
70,24,5,11.808,2.555392
70,24,6,11.196,2.614272
70,24,7,11.352,2.802688
70,24,8,11.496,2.673152
70,24,9,11.616,2.732032
70,36,0,15.888,3.850752
70,36,1,16.044,3.603456
70,36,2,16.032,3.697664
70,36,3,16.116,3.862528
70,36,4,16.032,4.086272
70,36,5,16.056,4.027392
70,36,6,16.128,4.027392
70,36,7,16.044,3.438592
70,36,8,15.876,3.791872
70,36,9,15.984,3.94496
70,48,0,19.968,4.88704
70,48,1,19.332,4.88704
70,48,2,19.5,4.957696
70,48,3,19.836,4.580864
70,48,4,19.548,4.521984
70,48,5,19.536,4.76928
70,48,6,19.116,4.922368
70,48,7,19.62,4.922368
70,48,8,19.548,4.934144
70,48,9,19.644,4.757504
70,54,0,22.032,5.35808
70,54,1,21.288,5.275648
70,54,2,21.564,5.381632
70,54,3,21.78,5.334528
70,54,4,21.672,5.322752
70,54,5,21.492,5.252096
70,54,6,21.756,5.47584
70,54,7,21.36,5.405184
70,54,8,21.336,5.310976
70,54,9,21.636,5.381632
80,6,0,3.168,0.541696
80,6,1,3.168,0.52992
80,6,2,3.132,0.565248
80,6,3,3.204,0.600576
80,6,4,3.228,0.435712
80,6,5,3.156,0.423936
80,6,6,3.192,0.577024
80,6,7,3.348,0.506368
80,6,8,3.12,0.459264
80,6,9,3.144,0.541696
80,9,0,4.776,0.8832
80,9,1,4.752,0.718336
80,9,2,4.68,0.730112
80,9,3,4.668,0.76544
80,9,4,4.704,0.694784
80,9,5,4.776,0.859648
80,9,6,4.596,0.777216
80,9,7,5.076,0.741888
80,9,8,4.752,0.76544
80,9,9,4.776,0.671232
80,12,0,6.012,0.894976
80,12,1,5.928,1.024512
80,12,2,6.276,1.1776
80,12,3,6.108,0.953856
80,12,4,6.252,1.23648
80,12,5,6.192,1.071616
80,12,6,6.108,1.260032
80,12,7,6.048,1.201152
80,12,8,6.132,1.024512
80,12,9,6.072,1.142272
80,18,0,8.712,1.58976
80,18,1,8.892,1.483776
80,18,2,8.808,1.554432
80,18,3,9.264,1.472
80,18,4,9.048,1.58976
80,18,5,8.724,1.201152
80,18,6,8.808,1.625088
80,18,7,8.868,1.53088
80,18,8,8.916,1.542656
80,18,9,9.06,1.660416
80,24,0,10.956,1.872384
80,24,1,11.16,1.931264
80,24,2,11.172,2.11968
80,24,3,10.956,2.213888
80,24,4,11.172,1.919488
80,24,5,11.172,1.94304
80,24,6,11.028,1.860608
80,24,7,11.028,1.895936
80,24,8,11.136,2.037248
80,24,9,11.46,1.931264
80,36,0,15.696,2.602496
80,36,1,15.384,2.932224
80,36,2,15.756,2.82624
80,36,3,15.564,2.955776
80,36,4,15.672,2.88512
80,36,5,15.768,2.873344
80,36,6,15.6,2.59072
80,36,7,15.816,2.779136
80,36,8,15.624,3.073536
80,36,9,15.408,2.967552
80,48,0,19.128,3.627008
80,48,1,19.068,3.674112
80,48,2,19.344,3.638784
80,48,3,19.248,3.485696
80,48,4,19.152,3.579904
80,48,5,19.128,3.862528
80,48,6,18.84,3.674112
80,48,7,19.308,3.850752
80,48,8,19.068,3.674112
80,48,9,19.152,3.59168
80,54,0,20.892,3.70944
80,54,1,20.796,3.992064
80,54,2,20.544,4.039168
80,54,3,20.856,3.70944
80,54,4,20.868,3.88608
80,54,5,20.94,3.70944
80,54,6,21.096,4.050944
80,54,7,20.58,4.050944
80,54,8,20.556,4.027392
80,54,9,20.916,3.874304
90,6,0,3.168,0.329728
90,6,1,3.192,0.52992
90,6,2,3.24,0.494592
90,6,3,3.216,0.306176
90,6,4,3.084,0.47104
90,6,5,3.228,0.388608
90,6,6,3.264,0.41216
90,6,7,3.0,0.482816
90,6,8,3.228,0.306176
90,6,9,3.156,0.435712
90,9,0,4.644,0.64768
90,9,1,4.536,0.447488
90,9,2,4.776,0.482816
90,9,3,4.452,0.435712
90,9,4,4.824,0.506368
90,9,5,4.848,0.577024
90,9,6,4.644,0.635904
90,9,7,4.632,0.577024
90,9,8,4.752,0.565248
90,9,9,4.764,0.600576
90,12,0,5.964,0.70656
90,12,1,6.108,0.812544
90,12,2,6.0,0.753664
90,12,3,6.072,0.788992
90,12,4,5.976,0.671232
90,12,5,6.0,0.683008
90,12,6,6.228,0.76544
90,12,7,6.024,0.871424
90,12,8,6.108,0.82432
90,12,9,5.88,0.82432
90,18,0,8.94,0.965632
90,18,1,8.52,1.071616
90,18,2,8.568,1.11872
90,18,3,8.592,0.953856
90,18,4,8.64,1.142272
90,18,5,8.7,0.989184
90,18,6,8.472,1.11872
90,18,7,8.532,0.989184
90,18,8,8.556,1.154048
90,18,9,8.484,1.1776
90,24,0,10.884,1.424896
90,24,1,10.956,1.342464
90,24,2,10.8,1.542656
90,24,3,10.896,1.601536
90,24,4,10.86,1.29536
90,24,5,11.1,1.29536
90,24,6,11.112,1.507328
90,24,7,11.148,1.41312
90,24,8,11.004,1.554432
90,24,9,11.112,1.424896
90,36,0,15.192,2.131456
90,36,1,15.516,1.848832
90,36,2,15.252,2.143232
90,36,3,15.108,2.00192
90,36,4,15.42,2.202112
90,36,5,15.3,2.155008
90,36,6,15.156,2.096128
90,36,7,15.516,2.096128
90,36,8,15.024,2.084352
90,36,9,15.384,1.872384
90,48,0,18.972,2.602496
90,48,1,18.48,2.319872
90,48,2,18.312,2.484736
90,48,3,18.516,2.578944
90,48,4,18.816,2.755584
90,48,5,18.696,2.696704
90,48,6,18.972,2.626048
90,48,7,18.576,2.82624
90,48,8,19.02,2.449408
90,48,9,19.068,2.59072
90,54,0,21.012,2.626048
90,54,1,20.58,2.920448
90,54,2,20.64,2.755584
90,54,3,20.556,2.861568
90,54,4,20.184,2.955776
90,54,5,20.4,2.378752
90,54,6,20.712,2.873344
90,54,7,20.82,2.779136
90,54,8,21.108,2.944
90,54,9,20.556,2.70848
100,6,0,3.012,0.2944
100,6,1,3.096,0.376832
100,6,2,3.096,0.400384
100,6,3,3.048,0.23552
100,6,4,3.132,0.35328
100,6,5,2.928,0.282624
100,6,6,3.168,0.223744
100,6,7,3.024,0.153088
100,6,8,3.072,0.282624
100,6,9,3.012,0.247296
100,9,0,4.536,0.35328
100,9,1,4.524,0.447488
100,9,2,4.38,0.447488
100,9,3,4.212,0.317952
100,9,4,4.548,0.388608
100,9,5,4.356,0.423936
100,9,6,4.536,0.482816
100,9,7,4.428,0.388608
100,9,8,4.452,0.2944
100,9,9,4.392,0.52992
100,12,0,5.748,0.518144
100,12,1,5.94,0.612352
100,12,2,5.808,0.518144
100,12,3,5.952,0.435712
100,12,4,5.796,0.64768
100,12,5,5.952,0.518144
100,12,6,5.88,0.577024
100,12,7,5.664,0.659456
100,12,8,5.916,0.52992
100,12,9,5.88,0.683008
100,18,0,8.508,0.694784
100,18,1,8.34,0.871424
100,18,2,8.376,0.718336
100,18,3,8.256,0.859648
100,18,4,8.316,0.694784
100,18,5,8.58,0.777216
100,18,6,8.496,0.753664
100,18,7,8.532,0.836096
100,18,8,8.556,0.671232
100,18,9,8.244,0.741888
100,24,0,10.44,0.894976
100,24,1,10.836,1.071616
100,24,2,10.824,0.930304
100,24,3,10.56,1.05984
100,24,4,10.656,0.977408
100,24,5,10.26,1.142272
100,24,6,10.8,0.894976
100,24,7,10.764,0.989184
100,24,8,11.184,1.00096
100,24,9,10.98,0.8832
100,36,0,14.508,1.342464
100,36,1,14.748,1.448448
100,36,2,15.144,1.483776
100,36,3,15.024,1.53088
100,36,4,15.12,1.660416
100,36,5,15.0,1.41312
100,36,6,14.988,1.636864
100,36,7,14.868,1.377792
100,36,8,14.988,1.53088
100,36,9,14.904,1.625088
100,48,0,18.42,1.672192
100,48,1,18.228,1.907712
100,48,2,18.48,1.848832
100,48,3,18.276,1.919488
100,48,4,18.264,1.742848
100,48,5,18.204,1.860608
100,48,6,18.444,2.072576
100,48,7,18.528,1.695744
100,48,8,18.384,1.731072
100,48,9,18.48,1.919488
100,54,0,20.268,1.954816
100,54,1,20.16,2.0608
100,54,2,20.1,2.096128
100,54,3,20.352,2.072576
100,54,4,20.208,1.754624
100,54,5,20.208,2.025472
100,54,6,20.16,1.860608
100,54,7,20.196,1.872384
100,54,8,20.172,1.895936
100,54,9,19.848,2.284544
